requete,intention,volume_estime,concurrent_positionne,difficulte_estimee,angle_contenu_possible,source,confiance
"marketplace Sénégal","solution","moyen","Jumia, Yoonema, Afriqmarket, Boutik221","élevée","Comparatif fondé sur prix total, délai, suivi et recours","https://www.google.com/search?q=marketplace+S%C3%A9n%C3%A9gal","hypothese"
"vente en ligne Sénégal","formation","moyen","Jumia VendorHub, UCM Shop, Louma","élevée","Guide pratique pour passer de WhatsApp à une commande suivie","https://www.google.com/search?q=vente+en+ligne+S%C3%A9n%C3%A9gal","hypothese"
"créer boutique en ligne Sénégal","solution","moyen","UCM Shop, Louma","moyenne","Boutique seule ou marketplace: calcul du vrai coût","https://www.google.com/search?q=cr%C3%A9er+boutique+en+ligne+S%C3%A9n%C3%A9gal","hypothese"
"vendre sur internet au Sénégal","formation","moyen","Jumia VendorHub, UCM Shop","moyenne","Checklist catalogue, paiement, livraison et retours","https://www.google.com/search?q=vendre+sur+internet+au+S%C3%A9n%C3%A9gal","hypothese"
"vendre sur Jumia Sénégal prix","prix","faible à moyen","Jumia VendorHub","moyenne","Simulateur commission Jumia versus abonnement SunuShop","https://vendorhub.jumia.sn/fr/fees-2026/","moyenne"
"site e commerce Sénégal prix","prix","faible à moyen","UCM Shop, Louma","moyenne","Budget complet: logiciel, publicité, paiement et livraison","https://louma.tekkilab.sn/pricing","moyenne"
"livraison partout au Sénégal","solution","moyen","Yoonema, Nakeba, Jumia","élevée","Carte des zones et délais réellement tenables","https://sn.yoonema.com/fr/a-propos","hypothese"
"paiement en ligne Sénégal Wave Orange Money","solution","moyen","Prestataires de paiement et marketplaces","élevée","Choisir un prestataire agréé et éviter de détenir les fonds","https://www.bceao.int/fr/communique-presse/liste-des-etablissements-de-paiement-agrees-dans-lumoa-au-28-fevrier-2026","haute"
"commande en ligne Sénégal paiement livraison","solution","moyen","Jumia et vendeurs sociaux","moyenne","Quand proposer paiement à la livraison ou acompte","https://www.google.com/search?q=commande+en+ligne+S%C3%A9n%C3%A9gal+paiement+livraison","hypothese"
"meilleur marketplace Sénégal","comparaison","faible à moyen","Jumia et comparateurs","élevée","Scorecard choix, exactitude, délai, suivi, recours","https://www.google.com/search?q=meilleur+marketplace+S%C3%A9n%C3%A9gal","hypothese"
"boutique WhatsApp Sénégal","solution","faible à moyen","WhatsApp Business et créateurs de boutique","moyenne","Transformer un catalogue WhatsApp en commandes traçables","https://www.reddit.com/r/Senegal/comments/1mdj8en/websites_for_local_businesses/","moyenne"
"application gestion commande commerçant Sénégal","solution","faible","StockFinity, logiciels de caisse","moyenne","Unifier stock, messages et commandes sans changer les habitudes","https://mimimsn.com/","hypothese"
"marketplace vêtements Sénégal","solution","moyen","Jumia, Yoonema, Afriqmarket","élevée","Tailles, retours et disponibilité vérifiés","https://www.google.com/search?q=marketplace+v%C3%AAtements+S%C3%A9n%C3%A9gal","hypothese"
"acheter électronique Sénégal en ligne","solution","moyen","Jumia, Mimimsn, Yoonema","élevée","État, garantie, accessoires et vendeur vérifiés","https://www.google.com/search?q=acheter+%C3%A9lectronique+S%C3%A9n%C3%A9gal+en+ligne","hypothese"
"produits alimentaires Sénégal livraison","solution","moyen","Nakeba et vendeurs locaux","moyenne","Produits packagés, zone et créneau de livraison explicites","https://nakeba.sn/","hypothese"
