citation_exacte,plateforme,note_avis,concurrent_concerne,douleur_revelee,couche_douleur,desir_revele,formule_type,date_avis,source,confiance
"Ma commande n’a pas été respecté... je reçois tout autre chose.","Trustpilot","1/5","Jumia Sénégal","Produit reçu différent de la commande","surface","Recevoir exactement le produit affiché","ce_qui_manque","2026-06-11","https://fr.trustpilot.com/review/jumia.com","haute"
"un ventilateur solaire qui a dû marcher 2 heures maximum","Trustpilot","1/5","Jumia Sénégal","Qualité produit insuffisante","stakes","Une qualité vérifiée et un recours simple","jai_arrete","2026-01-20","https://fr.trustpilot.com/review/jumia.com","haute"
"legit and delivery is fast, though the only issue is the limited computer components","Google Play","5/5","Jumia","Choix insuffisant sur une sous-catégorie malgré une bonne livraison","surface","Plus de profondeur de catalogue sans perdre la fiabilité","ce_qui_manque","2026-07-05","https://play.google.com/store/apps/details?gl=SN&hl=en_GB&id=com.jumia.android","haute"
"3 fois j'ai passé commande chez eux retard les 3 fois. Service client qui ne te donne aucune information pertinente.","Reddit","n/a","ShopMeAway","Retards répétés et support sans information utile","stakes","Un délai crédible et une réponse factuelle","jai_arrete","2025-09-22","https://www.reddit.com/r/Senegal/comments/1nn8pql/commande_shopmeaway/","moyenne"
"aucune clarté, aucune mise à jour... une longue attente","Reddit","n/a","ShopMeAway","Absence de suivi de livraison","cachee","Voir chaque étape et savoir quand agir","ce_qui_manque","2025-09-22","https://www.reddit.com/r/Senegal/comments/1nn8pql/commande_shopmeaway/","moyenne"
"Le commerce informel domine encore au Sénégal. Les gens vendent leur produits via Tiktok et c'est le cash business qui marche.","Reddit","n/a","Marché sénégalais","Vente fragmentée sur les réseaux et dépendance au cash","cachee","Transformer une audience sociale en commandes organisées","autre","2025-07-30","https://www.reddit.com/r/Senegal/comments/1mdj8en/websites_for_local_businesses/","moyenne"
"Most businesses use WhatsApp, Facebook, or even Instagram and TikTok instead of websites.","Reddit","n/a","Marché sénégalais","Les commerçants privilégient les outils sociaux simples","surface","Une solution aussi simple à maintenir qu'un canal social","autre","2025-07-30","https://www.reddit.com/r/Senegal/comments/1mdj8en/websites_for_local_businesses/","moyenne"
"la livraison au Sénégal est devenue plus chère","Reddit","n/a","AliExpress / livraison Sénégal","Coût de livraison perçu en hausse","surface","Connaître le coût total avant de commander","ce_qui_manque","2025-12-07","https://www.reddit.com/r/Senegal/comments/1phgidt/aliexpress_au_s%C3%A9n%C3%A9gal/","moyenne"
"Facebook, Marketplace, Instagram, TikTok, WhatsApp catalogue","Reddit","n/a","Canaux de vente locaux","Acquisition dispersée sur plusieurs canaux","surface","Centraliser le catalogue tout en partageant vers les canaux existants","autre","2025-05-04","https://www.reddit.com/r/Senegal/comments/1kamjw2/ecommerce_au_s%C3%A9n%C3%A9gal/","moyenne"
"tjrs en retard sans aucunes infos & frais exorbitants","Reddit","n/a","ShopMeAway","Retard, opacité et frais élevés","stakes","Un prix total et un délai fiables","jai_arrete","2025-09-22","https://www.reddit.com/r/Senegal/comments/1nn8pql/commande_shopmeaway/","moyenne"
